-- phpMyAdmin SQL Dump
-- version 4.9.0.1
-- https://www.phpmyadmin.net/
--
-- Host: 127.0.0.1
-- Generation Time: Dec 16, 2019 at 09:17 PM
-- Server version: 10.4.6-MariaDB
-- PHP Version: 7.1.31

SET SQL_MODE = "NO_AUTO_VALUE_ON_ZERO";
SET AUTOCOMMIT = 0;
START TRANSACTION;
SET time_zone = "+00:00";


/*!40101 SET @OLD_CHARACTER_SET_CLIENT=@@CHARACTER_SET_CLIENT */;
/*!40101 SET @OLD_CHARACTER_SET_RESULTS=@@CHARACTER_SET_RESULTS */;
/*!40101 SET @OLD_COLLATION_CONNECTION=@@COLLATION_CONNECTION */;
/*!40101 SET NAMES utf8mb4 */;

--
-- Database: `srms`
--

-- --------------------------------------------------------

--
-- Table structure for table `admin`
--

CREATE TABLE `admin` (
  `id` int(11) NOT NULL,
  `UserName` varchar(100) DEFAULT NULL,
  `Password` varchar(100) DEFAULT NULL,
  `updationDate` timestamp NULL DEFAULT NULL
) ENGINE=InnoDB DEFAULT CHARSET=latin1;

--
-- Dumping data for table `admin`
--

INSERT INTO `admin` (`id`, `UserName`, `Password`, `updationDate`) VALUES
(1, 'admin', 'd4d3b71c22c800ff819f3c42dd4da083', '2017-05-13 11:18:49');

-- --------------------------------------------------------

--
-- Table structure for table `tblclasses`
--

CREATE TABLE `tblclasses` (
  `id` int(11) NOT NULL,
  `ClassName` varchar(80) DEFAULT NULL,
  `ClassYear` int(4) DEFAULT NULL,
  `Section` varchar(5) DEFAULT NULL,
  `CreationDate` timestamp NULL DEFAULT current_timestamp(),
  `UpdationDate` timestamp NULL DEFAULT NULL
) ENGINE=InnoDB DEFAULT CHARSET=latin1;

--
-- Dumping data for table `tblclasses`
--

INSERT INTO `tblclasses` (`id`, `ClassName`, `ClassYear`, `Section`, `CreationDate`, `UpdationDate`) VALUES
(9, 'Information Technology', 2019, 'ND', '2019-12-14 12:41:25', NULL),
(10, 'IT FullTime', NULL, 'NC', '2019-12-14 15:00:04', NULL);

-- --------------------------------------------------------

--
-- Table structure for table `tblresult`
--

CREATE TABLE `tblresult` (
  `id` int(11) NOT NULL,
  `StudentId` int(11) DEFAULT NULL,
  `ClassId` int(11) DEFAULT NULL,
  `SubjectId` int(11) DEFAULT NULL,
  `marks` varchar(11) DEFAULT NULL,
  `PostingDate` timestamp NULL DEFAULT current_timestamp(),
  `UpdationDate` timestamp NULL DEFAULT current_timestamp()
) ENGINE=InnoDB DEFAULT CHARSET=latin1;

--
-- Dumping data for table `tblresult`
--

INSERT INTO `tblresult` (`id`, `StudentId`, `ClassId`, `SubjectId`, `marks`, `PostingDate`, `UpdationDate`) VALUES
(127, 6, 9, 10, 'D', '2019-12-16 09:59:22', '2019-12-16 09:59:22'),
(128, 6, 9, 11, 'D', '2019-12-16 09:59:22', '2019-12-16 09:59:22'),
(129, 6, 9, 14, 'D', '2019-12-16 09:59:22', '2019-12-16 09:59:22'),
(130, 6, 9, 9, 'D', '2019-12-16 09:59:22', '2019-12-16 09:59:22'),
(131, 6, 9, 12, 'D', '2019-12-16 09:59:22', '2019-12-16 09:59:22'),
(132, 6, 9, 13, 'D', '2019-12-16 09:59:22', '2019-12-16 09:59:22'),
(133, 7, 9, 10, 'C', '2019-12-16 10:15:57', '2019-12-16 10:15:57'),
(134, 7, 9, 11, 'P', '2019-12-16 10:15:57', '2019-12-16 10:15:57'),
(135, 7, 9, 14, 'P', '2019-12-16 10:15:57', '2019-12-16 10:15:57'),
(136, 7, 9, 9, 'C', '2019-12-16 10:15:57', '2019-12-16 10:15:57'),
(137, 7, 9, 12, 'P', '2019-12-16 10:15:57', '2019-12-16 10:15:57'),
(138, 7, 9, 13, 'C', '2019-12-16 10:15:57', '2019-12-16 10:15:57'),
(139, 8, 9, 10, 'C', '2019-12-16 10:16:41', '2019-12-16 10:16:41'),
(140, 8, 9, 11, 'C', '2019-12-16 10:16:41', '2019-12-16 10:16:41'),
(141, 8, 9, 14, 'P', '2019-12-16 10:16:41', '2019-12-16 10:16:41'),
(142, 8, 9, 9, 'C', '2019-12-16 10:16:41', '2019-12-16 10:16:41'),
(143, 8, 9, 12, 'C', '2019-12-16 10:16:41', '2019-12-16 10:16:41'),
(144, 8, 9, 13, 'P', '2019-12-16 10:16:41', '2019-12-16 10:16:41'),
(145, 19, 9, 10, 'D', '2019-12-16 10:17:22', '2019-12-16 10:17:22'),
(146, 19, 9, 11, 'C', '2019-12-16 10:17:22', '2019-12-16 10:17:22'),
(147, 19, 9, 14, 'P', '2019-12-16 10:17:22', '2019-12-16 10:17:22'),
(148, 19, 9, 9, 'C', '2019-12-16 10:17:22', '2019-12-16 10:17:22'),
(149, 19, 9, 12, 'P', '2019-12-16 10:17:22', '2019-12-16 10:17:22'),
(150, 19, 9, 13, 'C', '2019-12-16 10:17:22', '2019-12-16 10:17:22'),
(151, 30, 9, 10, 'D', '2019-12-16 10:19:12', '2019-12-16 10:19:12'),
(152, 30, 9, 11, 'C', '2019-12-16 10:19:12', '2019-12-16 10:19:12'),
(153, 30, 9, 14, 'P', '2019-12-16 10:19:12', '2019-12-16 10:19:12'),
(154, 30, 9, 9, 'C', '2019-12-16 10:19:12', '2019-12-16 10:19:12'),
(155, 30, 9, 12, 'P', '2019-12-16 10:19:12', '2019-12-16 10:19:12'),
(156, 30, 9, 13, 'P', '2019-12-16 10:19:12', '2019-12-16 10:19:12'),
(157, 31, 9, 10, 'C', '2019-12-16 10:19:49', '2019-12-16 10:19:49'),
(158, 31, 9, 11, 'C', '2019-12-16 10:19:49', '2019-12-16 10:19:49'),
(159, 31, 9, 14, 'C', '2019-12-16 10:19:49', '2019-12-16 10:19:49'),
(160, 31, 9, 9, 'C', '2019-12-16 10:19:49', '2019-12-16 10:19:49'),
(161, 31, 9, 12, 'C', '2019-12-16 10:19:50', '2019-12-16 10:19:50'),
(162, 31, 9, 13, 'P', '2019-12-16 10:19:50', '2019-12-16 10:19:50'),
(163, 10, 9, 10, 'C', '2019-12-16 10:20:40', '2019-12-16 10:20:40'),
(164, 10, 9, 11, 'P', '2019-12-16 10:20:40', '2019-12-16 10:20:40'),
(165, 10, 9, 14, 'F', '2019-12-16 10:20:40', '2019-12-16 10:20:40'),
(166, 10, 9, 9, 'C', '2019-12-16 10:20:40', '2019-12-16 10:20:40'),
(167, 10, 9, 12, 'C', '2019-12-16 10:20:40', '2019-12-16 10:20:40'),
(168, 10, 9, 13, 'P', '2019-12-16 10:20:40', '2019-12-16 10:20:40'),
(169, 11, 9, 10, 'P', '2019-12-16 10:21:21', '2019-12-16 10:21:21'),
(170, 11, 9, 11, 'C', '2019-12-16 10:21:21', '2019-12-16 10:21:21'),
(171, 11, 9, 14, 'P', '2019-12-16 10:21:21', '2019-12-16 10:21:21'),
(172, 11, 9, 9, 'C', '2019-12-16 10:21:21', '2019-12-16 10:21:21'),
(173, 11, 9, 12, 'P', '2019-12-16 10:21:21', '2019-12-16 10:21:21'),
(174, 11, 9, 13, 'C', '2019-12-16 10:21:21', '2019-12-16 10:21:21'),
(175, 13, 9, 10, 'D', '2019-12-16 10:21:58', '2019-12-16 10:21:58'),
(176, 13, 9, 11, 'C', '2019-12-16 10:21:58', '2019-12-16 10:21:58'),
(177, 13, 9, 14, 'P', '2019-12-16 10:21:58', '2019-12-16 10:21:58'),
(178, 13, 9, 9, 'C', '2019-12-16 10:21:58', '2019-12-16 10:21:58'),
(179, 13, 9, 12, 'D', '2019-12-16 10:21:58', '2019-12-16 10:21:58'),
(180, 13, 9, 13, 'C', '2019-12-16 10:21:58', '2019-12-16 10:21:58'),
(181, 12, 9, 10, 'D', '2019-12-16 10:22:35', '2019-12-16 10:22:35'),
(182, 12, 9, 11, 'C', '2019-12-16 10:22:35', '2019-12-16 10:22:35'),
(183, 12, 9, 14, 'P', '2019-12-16 10:22:35', '2019-12-16 10:22:35'),
(184, 12, 9, 9, 'D', '2019-12-16 10:22:35', '2019-12-16 10:22:35'),
(185, 12, 9, 12, 'D', '2019-12-16 10:22:35', '2019-12-16 10:22:35'),
(186, 12, 9, 13, 'C', '2019-12-16 10:22:35', '2019-12-16 10:22:35'),
(187, 14, 9, 10, 'C', '2019-12-16 10:23:10', '2019-12-16 10:23:10'),
(188, 14, 9, 11, 'C', '2019-12-16 10:23:10', '2019-12-16 10:23:10'),
(189, 14, 9, 14, 'P', '2019-12-16 10:23:11', '2019-12-16 10:23:11'),
(190, 14, 9, 9, 'C', '2019-12-16 10:23:11', '2019-12-16 10:23:11'),
(191, 14, 9, 12, 'C', '2019-12-16 10:23:11', '2019-12-16 10:23:11'),
(192, 14, 9, 13, 'C', '2019-12-16 10:23:11', '2019-12-16 10:23:11'),
(193, 15, 9, 10, 'P', '2019-12-16 10:23:52', '2019-12-16 10:23:52'),
(194, 15, 9, 11, 'P', '2019-12-16 10:23:52', '2019-12-16 10:23:52'),
(195, 15, 9, 14, 'P', '2019-12-16 10:23:52', '2019-12-16 10:23:52'),
(196, 15, 9, 9, 'P', '2019-12-16 10:23:52', '2019-12-16 10:23:52'),
(197, 15, 9, 12, 'P', '2019-12-16 10:23:52', '2019-12-16 10:23:52'),
(198, 15, 9, 13, 'P', '2019-12-16 10:23:52', '2019-12-16 10:23:52'),
(199, 9, 9, 10, 'D', '2019-12-16 10:24:28', '2019-12-16 10:24:28'),
(200, 9, 9, 11, 'D', '2019-12-16 10:24:28', '2019-12-16 10:24:28'),
(201, 9, 9, 14, 'C', '2019-12-16 10:24:28', '2019-12-16 10:24:28'),
(202, 9, 9, 9, 'D', '2019-12-16 10:24:28', '2019-12-16 10:24:28'),
(203, 9, 9, 12, 'D', '2019-12-16 10:24:28', '2019-12-16 10:24:28'),
(204, 9, 9, 13, 'D', '2019-12-16 10:24:28', '2019-12-16 10:24:28'),
(205, 16, 9, 10, 'D', '2019-12-16 10:24:58', '2019-12-16 10:24:58'),
(206, 16, 9, 11, 'C', '2019-12-16 10:24:58', '2019-12-16 10:24:58'),
(207, 16, 9, 14, 'C', '2019-12-16 10:24:58', '2019-12-16 10:24:58'),
(208, 16, 9, 9, 'D', '2019-12-16 10:24:58', '2019-12-16 10:24:58'),
(209, 16, 9, 12, 'D', '2019-12-16 10:24:58', '2019-12-16 10:24:58'),
(210, 16, 9, 13, 'C', '2019-12-16 10:24:58', '2019-12-16 10:24:58'),
(211, 17, 9, 10, 'D', '2019-12-16 10:25:37', '2019-12-16 10:25:37'),
(212, 17, 9, 11, 'D', '2019-12-16 10:25:37', '2019-12-16 10:25:37'),
(213, 17, 9, 14, 'C', '2019-12-16 10:25:37', '2019-12-16 10:25:37'),
(214, 17, 9, 9, 'D', '2019-12-16 10:25:37', '2019-12-16 10:25:37'),
(215, 17, 9, 12, 'D', '2019-12-16 10:25:37', '2019-12-16 10:25:37'),
(216, 17, 9, 13, 'C', '2019-12-16 10:25:37', '2019-12-16 10:25:37'),
(217, 18, 9, 10, 'C', '2019-12-16 10:26:12', '2019-12-16 10:26:12'),
(218, 18, 9, 11, 'C', '2019-12-16 10:26:12', '2019-12-16 10:26:12'),
(219, 18, 9, 14, 'C', '2019-12-16 10:26:12', '2019-12-16 10:26:12'),
(220, 18, 9, 9, 'D', '2019-12-16 10:26:13', '2019-12-16 10:26:13'),
(221, 18, 9, 12, 'C', '2019-12-16 10:26:13', '2019-12-16 10:26:13'),
(222, 18, 9, 13, 'C', '2019-12-16 10:26:13', '2019-12-16 10:26:13'),
(223, 24, 9, 10, 'C', '2019-12-16 10:26:50', '2019-12-16 10:26:50'),
(224, 24, 9, 11, 'C', '2019-12-16 10:26:50', '2019-12-16 10:26:50'),
(225, 24, 9, 14, 'P', '2019-12-16 10:26:50', '2019-12-16 10:26:50'),
(226, 24, 9, 9, 'C', '2019-12-16 10:26:51', '2019-12-16 10:26:51'),
(227, 24, 9, 12, 'C', '2019-12-16 10:26:51', '2019-12-16 10:26:51'),
(228, 24, 9, 13, 'C', '2019-12-16 10:26:51', '2019-12-16 10:26:51'),
(229, 25, 9, 10, 'C', '2019-12-16 10:27:28', '2019-12-16 10:27:28'),
(230, 25, 9, 11, 'C', '2019-12-16 10:27:28', '2019-12-16 10:27:28'),
(231, 25, 9, 14, 'P', '2019-12-16 10:27:28', '2019-12-16 10:27:28'),
(232, 25, 9, 9, 'C', '2019-12-16 10:27:28', '2019-12-16 10:27:28'),
(233, 25, 9, 12, 'C', '2019-12-16 10:27:28', '2019-12-16 10:27:28'),
(234, 25, 9, 13, 'C', '2019-12-16 10:27:28', '2019-12-16 10:27:28'),
(235, 28, 9, 10, 'C', '2019-12-16 10:28:02', '2019-12-16 10:28:02'),
(236, 28, 9, 11, 'C', '2019-12-16 10:28:03', '2019-12-16 10:28:03'),
(237, 28, 9, 14, 'C', '2019-12-16 10:28:03', '2019-12-16 10:28:03'),
(238, 28, 9, 9, 'C', '2019-12-16 10:28:03', '2019-12-16 10:28:03'),
(239, 28, 9, 12, 'C', '2019-12-16 10:28:03', '2019-12-16 10:28:03'),
(240, 28, 9, 13, 'C', '2019-12-16 10:28:03', '2019-12-16 10:28:03'),
(241, 26, 9, 10, 'C', '2019-12-16 10:29:30', '2019-12-16 10:29:30'),
(242, 26, 9, 11, 'C', '2019-12-16 10:29:30', '2019-12-16 10:29:30'),
(243, 26, 9, 14, 'P', '2019-12-16 10:29:30', '2019-12-16 10:29:30'),
(244, 26, 9, 9, 'C', '2019-12-16 10:29:30', '2019-12-16 10:29:30'),
(245, 26, 9, 12, 'C', '2019-12-16 10:29:30', '2019-12-16 10:29:30'),
(246, 26, 9, 13, 'C', '2019-12-16 10:29:30', '2019-12-16 10:29:30'),
(247, 27, 9, 10, 'D', '2019-12-16 10:30:04', '2019-12-16 10:30:04'),
(248, 27, 9, 11, 'D', '2019-12-16 10:30:04', '2019-12-16 10:30:04'),
(249, 27, 9, 14, 'D', '2019-12-16 10:30:04', '2019-12-16 10:30:04'),
(250, 27, 9, 9, 'D', '2019-12-16 10:30:04', '2019-12-16 10:30:04'),
(251, 27, 9, 12, 'D', '2019-12-16 10:30:04', '2019-12-16 10:30:04'),
(252, 27, 9, 13, 'C', '2019-12-16 10:30:04', '2019-12-16 10:30:04'),
(253, 33, 9, 10, 'C', '2019-12-16 10:30:39', '2019-12-16 10:30:39'),
(254, 33, 9, 11, 'C', '2019-12-16 10:30:39', '2019-12-16 10:30:39'),
(255, 33, 9, 14, 'P', '2019-12-16 10:30:39', '2019-12-16 10:30:39'),
(256, 33, 9, 9, 'C', '2019-12-16 10:30:39', '2019-12-16 10:30:39'),
(257, 33, 9, 12, 'C', '2019-12-16 10:30:39', '2019-12-16 10:30:39'),
(258, 33, 9, 13, 'C', '2019-12-16 10:30:39', '2019-12-16 10:30:39'),
(259, 29, 9, 10, 'C', '2019-12-16 10:31:15', '2019-12-16 10:31:15'),
(260, 29, 9, 11, 'C', '2019-12-16 10:31:15', '2019-12-16 10:31:15'),
(261, 29, 9, 14, 'P', '2019-12-16 10:31:16', '2019-12-16 10:31:16'),
(262, 29, 9, 9, 'D', '2019-12-16 10:31:16', '2019-12-16 10:31:16'),
(263, 29, 9, 12, 'C', '2019-12-16 10:31:16', '2019-12-16 10:31:16'),
(264, 29, 9, 13, 'C', '2019-12-16 10:31:16', '2019-12-16 10:31:16'),
(265, 34, 9, 10, 'C', '2019-12-16 10:31:47', '2019-12-16 10:31:47'),
(266, 34, 9, 11, 'C', '2019-12-16 10:31:47', '2019-12-16 10:31:47'),
(267, 34, 9, 14, 'P', '2019-12-16 10:31:47', '2019-12-16 10:31:47'),
(268, 34, 9, 9, 'C', '2019-12-16 10:31:47', '2019-12-16 10:31:47'),
(269, 34, 9, 12, 'C', '2019-12-16 10:31:47', '2019-12-16 10:31:47'),
(270, 34, 9, 13, 'P', '2019-12-16 10:31:47', '2019-12-16 10:31:47'),
(271, 35, 9, 10, 'D', '2019-12-16 10:32:22', '2019-12-16 10:32:22'),
(272, 35, 9, 11, 'C', '2019-12-16 10:32:23', '2019-12-16 10:32:23'),
(273, 35, 9, 14, 'C', '2019-12-16 10:32:23', '2019-12-16 10:32:23'),
(274, 35, 9, 9, 'D', '2019-12-16 10:32:23', '2019-12-16 10:32:23'),
(275, 35, 9, 12, 'C', '2019-12-16 10:32:23', '2019-12-16 10:32:23'),
(276, 35, 9, 13, 'C', '2019-12-16 10:32:23', '2019-12-16 10:32:23'),
(277, 23, 9, 10, 'C', '2019-12-16 10:33:04', '2019-12-16 10:33:04'),
(278, 23, 9, 11, 'C', '2019-12-16 10:33:05', '2019-12-16 10:33:05'),
(279, 23, 9, 14, 'C', '2019-12-16 10:33:05', '2019-12-16 10:33:05'),
(280, 23, 9, 9, 'C', '2019-12-16 10:33:05', '2019-12-16 10:33:05'),
(281, 23, 9, 12, 'C', '2019-12-16 10:33:05', '2019-12-16 10:33:05'),
(282, 23, 9, 13, 'C', '2019-12-16 10:33:05', '2019-12-16 10:33:05'),
(283, 22, 9, 10, 'C', '2019-12-16 10:33:46', '2019-12-16 10:33:46'),
(284, 22, 9, 11, 'C', '2019-12-16 10:33:46', '2019-12-16 10:33:46'),
(285, 22, 9, 14, 'P', '2019-12-16 10:33:46', '2019-12-16 10:33:46'),
(286, 22, 9, 9, 'C', '2019-12-16 10:33:46', '2019-12-16 10:33:46'),
(287, 22, 9, 12, 'C', '2019-12-16 10:33:46', '2019-12-16 10:33:46'),
(288, 22, 9, 13, 'C', '2019-12-16 10:33:46', '2019-12-16 10:33:46'),
(289, 21, 9, 10, 'C', '2019-12-16 10:34:22', '2019-12-16 10:34:22'),
(290, 21, 9, 11, 'D', '2019-12-16 10:34:22', '2019-12-16 10:34:22'),
(291, 21, 9, 14, 'P', '2019-12-16 10:34:22', '2019-12-16 10:34:22'),
(292, 21, 9, 9, 'D', '2019-12-16 10:34:22', '2019-12-16 10:34:22'),
(293, 21, 9, 12, 'D', '2019-12-16 10:34:22', '2019-12-16 10:34:22'),
(294, 21, 9, 13, 'C', '2019-12-16 10:34:22', '2019-12-16 10:34:22'),
(295, 20, 9, 10, 'C', '2019-12-16 10:34:56', '2019-12-16 10:34:56'),
(296, 20, 9, 11, 'C', '2019-12-16 10:34:56', '2019-12-16 10:34:56'),
(297, 20, 9, 14, 'C', '2019-12-16 10:34:56', '2019-12-16 10:34:56'),
(298, 20, 9, 9, 'C', '2019-12-16 10:34:56', '2019-12-16 10:34:56'),
(299, 20, 9, 12, 'C', '2019-12-16 10:34:56', '2019-12-16 10:34:56'),
(300, 20, 9, 13, 'C', '2019-12-16 10:34:56', '2019-12-16 10:34:56');

-- --------------------------------------------------------

--
-- Table structure for table `tblstudents`
--

CREATE TABLE `tblstudents` (
  `StudentId` int(11) NOT NULL,
  `StudentName` varchar(100) DEFAULT NULL,
  `CandidateNo` varchar(100) DEFAULT NULL,
  `InstitutionName` varchar(50) DEFAULT NULL,
  `Year` int(4) DEFAULT NULL,
  `StudentEmail` varchar(100) DEFAULT NULL,
  `Gender` varchar(10) DEFAULT NULL,
  `DOB` varchar(100) DEFAULT NULL,
  `ClassId` int(11) DEFAULT NULL,
  `RegDate` timestamp NULL DEFAULT current_timestamp(),
  `UpdationDate` timestamp NULL DEFAULT NULL,
  `Status` int(1) DEFAULT NULL
) ENGINE=InnoDB DEFAULT CHARSET=latin1;

--
-- Dumping data for table `tblstudents`
--

INSERT INTO `tblstudents` (`StudentId`, `StudentName`, `CandidateNo`, `InstitutionName`, `Year`, `StudentEmail`, `Gender`, `DOB`, `ClassId`, `RegDate`, `UpdationDate`, `Status`) VALUES
(6, 'Charuma 	Eulitha U', '1119002G00001', 'Bulawayo Polytechnic', 2019, 'eulithac@gmail.com', 'Female', '1996-11-09', 9, '2019-12-14 12:45:29', NULL, 1),
(7, 'Dube 	Lynate', '1119002G00002', 'Bulawayo Polytechnic', 2019, 'dubelynate6@gmail.com', 'Female', '1993-03-23', 9, '2019-12-14 13:08:30', NULL, 1),
(8, 'Francis	Prince', '1119002G00003', 'Bulawayo Polytechnic', 2019, 'Pf1217797@gmail.com', 'Male', '1998-05-30', 9, '2019-12-14 13:10:06', NULL, 1),
(9, 'Mazana Shingirai', '1119002G00013', 'Bulawayo Polytechnic', 2019, 'shingiraimazana02@gmail.com', 'Male', '1993-02-02', 9, '2019-12-14 15:03:20', NULL, 1),
(10, 'Khupe Eunice Thembekile', '1119002G00007', 'Bulawayo Polytechnic', 2019, 'euniethembie@gmail.com', 'Female', '2000-01-08', 9, '2019-12-14 15:05:51', NULL, 1),
(11, 'Machabe Monalisa Ruvimbo', '1119002G00008', 'Bulawayo Polytechnic', 2019, 'monalisamachabe@gmail.com', 'Female', '1992-11-17', 9, '2019-12-14 15:07:57', NULL, 1),
(12, 'Manditereza Michael Nyasha', '1119002G00010', 'Bulawayo Polytechnic', 2019, 'manditerezamichael69@gmail.com', 'Male', '1999-02-03', 9, '2019-12-14 15:10:19', NULL, 1),
(13, 'Magomo Faith', '1119002G00009', 'Bulawayo Polytechnic', 2019, 'faymagomo21@gmail.com', 'Female', '1996-05-07', 9, '2019-12-14 15:11:40', NULL, 1),
(14, 'Masakure Brendon', '1119002G00011', 'Bulawayo Polytechnic', 2019, 'brendonmasakure@yahoo.com', 'Male', '1995-03-18', 9, '2019-12-14 15:13:12', NULL, 1),
(15, 'Matavire  Nyashadzashe', '1119002G00012', 'Bulawayo Polytechnic', 2019, 'matavire18@gmail.com', 'Male', '', 9, '2019-12-14 15:14:47', NULL, 1),
(16, 'Mlilo	Vuyolwethu', '1119002G00014', 'Bulawayo Polytechnic', 2019, 'vuyostrae7@gmail.com', 'Male', '1995-07-06', 9, '2019-12-14 15:16:16', NULL, 1),
(17, 'Moyo	Honest', '1119002G00015', 'Bulawayo Polytechnic', 2019, 'honestdomz@gmail.com', 'Male', '1997-06-05', 9, '2019-12-14 15:17:27', NULL, 1),
(18, 'Mpofu	Nobukhosi', '1119002G00016', 'Bulawayo Polytechnic', 2019, 'mpofunobukhosi825@gmail.com', 'Female', '1997-07-04', 9, '2019-12-14 19:49:41', NULL, 1),
(19, 'Jambaya 	Prince M', '1119002G00004', 'Bulawayo Polytechnic', 2019, 'acevortex21@gmail.com', 'Male', '2000-01-21', 9, '2019-12-15 07:42:51', NULL, 1),
(20, 'Zulu	Daniel N', '1119002G00031', 'Bulawayo Polytechnic', 2019, 'danielchristnificent@gmail.com', 'Male', '1997-02-02', 9, '2019-12-15 07:46:34', NULL, 1),
(21, 'Tshuma	Mthabisi', '1119002G00030', 'Bulawayo Polytechnic', 2019, 'milles530@gmail.com', 'Male', '1998-02-24', 9, '2019-12-15 07:48:13', NULL, 1),
(22, 'Sibanda 	Simangobuhle', '1119002G00029', 'Bulawayo Polytechnic', 2019, 'simangobuhlesibs@gmail.com', 'Female', '1998-10-29', 9, '2019-12-15 07:49:32', NULL, 1),
(23, 'Phiri	Elizabeth J', '1119002G00028', 'Bulawayo Polytechnic', 2019, 'elizabethjanephiri@gmail.com', 'Female', '1998-07-31', 9, '2019-12-15 07:50:53', NULL, 1),
(24, 'Mudiwa	Shamiso', '1119002G00017', 'Bulawayo Polytechnic', 2019, 'mudiwa48@gmail.com', 'Female', '1997-06-28', 9, '2019-12-15 07:53:07', NULL, 1),
(25, 'Mugodo	Emmanuel', '1119002G00018', 'Bulawayo Polytechnic', 2019, 'emmanuelmugodo98@gmail.com', 'Male', '1998-12-23', 9, '2019-12-15 07:54:44', NULL, 1),
(26, 'Mushangwe	 Tracy F', '1119002G00019', 'Bulawayo Polytechnic', 2019, 'tracyfadzaim@gmail.com', 'Female', '1996-10-12', 9, '2019-12-15 07:55:57', NULL, 1),
(27, 'Mutengwa	Allen', '1119002G00020', 'Bulawayo Polytechnic', 2019, 'allenmutengwa570@gmail.com', 'Male', '1992-03-20', 9, '2019-12-15 07:57:27', NULL, 1),
(28, 'Muzamba	Luuni', '1119002G00021', 'Bulawayo Polytechnic', 2019, 'luenielovish096@gmail.com', 'Female', '1996-02-06', 9, '2019-12-15 07:59:38', NULL, 1),
(29, 'Ndlovu	Sikhanyisiwe', '1119002G00024', 'Bulawayo Polytechnic', 2019, 'sikha1094@yahoo.com', 'Female', '1994-10-01', 9, '2019-12-15 12:52:33', NULL, 1),
(30, 'Kanera	Florence', '1119002G00005', 'Bulawayo Polytechnic', 2019, 'florencekanera@gmail.com', 'Female', '1998-10-21', 9, '2019-12-15 12:54:49', NULL, 1),
(31, 'Khosa 	Miguel J', '1119002G00006', 'Bulawayo Polytechnic', 2019, 'miguelkhosa@gmail.com', 'Male', '1995-12-22', 9, '2019-12-15 12:56:22', NULL, 1),
(33, 'Ndlovu	Eulene', '1119002G00022', 'Bulawayo Polytechnic', 2019, 'ndlovu.dumoluhle123@gmail.com', 'Female', '1995-07-22', 9, '2019-12-16 05:44:41', NULL, 1),
(34, 'Ndlovu 	Prudence', '1119002G00023', 'Bulawayo Polytechnic', 2019, 'misspru358@gmail.com', 'Female', '1996-03-19', 9, '2019-12-16 05:47:53', NULL, 1),
(35, 'Ngwenya 	Shalom', '1119002G00025', 'Bulawayo Polytechnic', 2019, 'shalom.ngwenya@gmail.com', 'Male', '1998-03-16', 9, '2019-12-16 10:14:44', NULL, 1);

-- --------------------------------------------------------

--
-- Table structure for table `tblsubjectcombination`
--

CREATE TABLE `tblsubjectcombination` (
  `id` int(11) NOT NULL,
  `ClassId` int(11) DEFAULT NULL,
  `SubjectId` int(11) DEFAULT NULL,
  `status` int(1) DEFAULT NULL,
  `CreationDate` timestamp NULL DEFAULT current_timestamp(),
  `Updationdate` timestamp NULL DEFAULT NULL ON UPDATE current_timestamp()
) ENGINE=InnoDB DEFAULT CHARSET=latin1;

--
-- Dumping data for table `tblsubjectcombination`
--

INSERT INTO `tblsubjectcombination` (`id`, `ClassId`, `SubjectId`, `status`, `CreationDate`, `Updationdate`) VALUES
(36, 9, 9, 1, '2019-12-14 15:47:00', NULL),
(37, 9, 10, 1, '2019-12-14 15:47:10', NULL),
(38, 9, 11, 1, '2019-12-14 15:47:20', NULL),
(39, 9, 12, 1, '2019-12-14 15:47:29', NULL),
(40, 9, 13, 1, '2019-12-14 15:47:40', NULL),
(41, 9, 14, 1, '2019-12-14 15:47:50', NULL);

-- --------------------------------------------------------

--
-- Table structure for table `tblsubjects`
--

CREATE TABLE `tblsubjects` (
  `id` int(11) NOT NULL,
  `SubjectName` varchar(100) NOT NULL,
  `SubjectCode` varchar(100) DEFAULT NULL,
  `Creationdate` timestamp NULL DEFAULT current_timestamp(),
  `UpdationDate` timestamp NULL DEFAULT NULL
) ENGINE=InnoDB DEFAULT CHARSET=latin1;

--
-- Dumping data for table `tblsubjects`
--

INSERT INTO `tblsubjects` (`id`, `SubjectName`, `SubjectCode`, `Creationdate`, `UpdationDate`) VALUES
(9, 'MATHEMATICS AND STATISTICS                           ', ' 553/18/S12', '2019-12-14 12:47:43', NULL),
(10, ' DATA COMMUNICATION                 ', '  553/18/S02', '2019-12-14 12:48:13', NULL),
(11, 'COMPUTER ARCHITECTURE  AND SERVICING  				      ', ' 553/18/S01', '2019-12-14 12:48:45', NULL),
(12, 'PROGRAMMING USING  VB.NET ', '553/18/S04', '2019-12-14 12:49:18', NULL),
(13, 'SOFTWARE ENGINEERING ', '553/18/513', '2019-12-14 12:49:41', NULL),
(14, 'IT RESEARCH AND PROJECT  MANAGEMENT 				      ', '  553/18/S14', '2019-12-14 12:50:14', NULL);

--
-- Indexes for dumped tables
--

--
-- Indexes for table `admin`
--
ALTER TABLE `admin`
  ADD PRIMARY KEY (`id`);

--
-- Indexes for table `tblclasses`
--
ALTER TABLE `tblclasses`
  ADD PRIMARY KEY (`id`);

--
-- Indexes for table `tblresult`
--
ALTER TABLE `tblresult`
  ADD PRIMARY KEY (`id`);

--
-- Indexes for table `tblstudents`
--
ALTER TABLE `tblstudents`
  ADD PRIMARY KEY (`StudentId`);

--
-- Indexes for table `tblsubjectcombination`
--
ALTER TABLE `tblsubjectcombination`
  ADD PRIMARY KEY (`id`);

--
-- Indexes for table `tblsubjects`
--
ALTER TABLE `tblsubjects`
  ADD PRIMARY KEY (`id`);

--
-- AUTO_INCREMENT for dumped tables
--

--
-- AUTO_INCREMENT for table `admin`
--
ALTER TABLE `admin`
  MODIFY `id` int(11) NOT NULL AUTO_INCREMENT, AUTO_INCREMENT=2;

--
-- AUTO_INCREMENT for table `tblclasses`
--
ALTER TABLE `tblclasses`
  MODIFY `id` int(11) NOT NULL AUTO_INCREMENT, AUTO_INCREMENT=11;

--
-- AUTO_INCREMENT for table `tblresult`
--
ALTER TABLE `tblresult`
  MODIFY `id` int(11) NOT NULL AUTO_INCREMENT, AUTO_INCREMENT=301;

--
-- AUTO_INCREMENT for table `tblstudents`
--
ALTER TABLE `tblstudents`
  MODIFY `StudentId` int(11) NOT NULL AUTO_INCREMENT, AUTO_INCREMENT=36;

--
-- AUTO_INCREMENT for table `tblsubjectcombination`
--
ALTER TABLE `tblsubjectcombination`
  MODIFY `id` int(11) NOT NULL AUTO_INCREMENT, AUTO_INCREMENT=42;

--
-- AUTO_INCREMENT for table `tblsubjects`
--
ALTER TABLE `tblsubjects`
  MODIFY `id` int(11) NOT NULL AUTO_INCREMENT, AUTO_INCREMENT=15;
COMMIT;

/*!40101 SET CHARACTER_SET_CLIENT=@OLD_CHARACTER_SET_CLIENT */;
/*!40101 SET CHARACTER_SET_RESULTS=@OLD_CHARACTER_SET_RESULTS */;
/*!40101 SET COLLATION_CONNECTION=@OLD_COLLATION_CONNECTION */;
